SID,Name,animal,Tissue,Sex,Route,Status,Day
Sample_40_40A,40A,112R,Liver,2,Aerosol,Day1,1
Sample_41_41A,41A,112R,Spleen,2,Aerosol,Day1,1
Sample_42_42A,42A,112R,Lung,2,Aerosol,Day1,1
Sample_43_43A,43A,266N,Liver,1,Aerosol,Day1,1
Sample_44_44A,44A,266N,Spleen,1,Aerosol,Day1,1
Sample_45_45A,45A,266N,Lung,1,Aerosol,Day1,1
Sample_49_49A,49A,239N,Liver,1,Aerosol,Day1,1
Sample_50_50A,50A,239N,Spleen,1,Aerosol,Day1,1
Sample_51_51A,51A,239N,Lung,1,Aerosol,Day1,1
Sample_52_52A,52A,83P,Liver,2,Aerosol,Day1,1
Sample_53_53A,53A,83P,Spleen,2,Aerosol,Day1,1
Sample_34_34A,34A,73N,Liver,2,Aerosol,Day3,3
Sample_35_35A,35A,73N,Spleen,2,Aerosol,Day3,3
Sample_36_36A,36A,73N,Lung,2,Aerosol,Day3,3
Sample_60_60A,60A,71P,Liver,1,Aerosol,Day3,3
Sample_61_61A,61A,71P,Spleen,1,Aerosol,Day3,3
Sample_62_62A,62A,71P,Lung,1,Aerosol,Day3,3
Sample_66_66A,66A,2R,Liver,2,Aerosol,Day3,3
Sample_67_67A,67A,2R,Spleen,2,Aerosol,Day3,3
Sample_68_68A,68A,2R,Lung,2,Aerosol,Day3,3
Sample_84_84A,84A,229M,Liver,1,Aerosol,Day3,3
Sample_85_85A,85A,229M,Spleen,1,Aerosol,Day3,3
Sample_86_86A,86A,229M,Lung,1,Aerosol,Day3,3
Sample_22_22A,22A,105P,Spleen,2,Aerosol,Day5,5
Sample_23_23A,23A,105P,Liver,2,Aerosol,Day5,5
Sample_24_24A,24A,105P,Lung,2,Aerosol,Day5,5
Sample_28_28A,28A,55P,Liver,2,Aerosol,Day5,5
Sample_29_29A,29A,55P,Spleen,2,Aerosol,Day5,5
Sample_30_30A,30A,55P,Lung,2,Aerosol,Day5,5
Sample_31_31A,31A,69P,Liver,1,Aerosol,Day5,5
Sample_32_32A,32A,69P,Spleen,1,Aerosol,Day5,5
Sample_33_33A,33A,69P,Lung,1,Aerosol,Day5,5
Sample_87_87A,87A,20P,Liver,1,Aerosol,Day5,5
Sample_88_88A,88A,20P,Spleen,1,Aerosol,Day5,5
Sample_89_89A,89A,20P,Lung,1,Aerosol,Day5,5
Sample_25_25A,25A,441N,Liver,2,Aerosol,Day6,6
Sample_26_26A,26A,441N,Spleen,2,Aerosol,Day6,6
Sample_27_27A,27A,441N,Lung,2,Aerosol,Day6,6
Sample_37_37A,37A,412N,Liver,2,Aerosol,Day6,6
Sample_38_38A,38A,412N,Spleen,2,Aerosol,Day6,6
Sample_39_39A,39A,412N,Lung,2,Aerosol,Day6,6
Sample_46_46A,46A,9N,Liver,1,Aerosol,Day6,6
Sample_47_47A,47A,9N,Spleen,1,Aerosol,Day6,6
Sample_48_48A,48A,9N,Lung,1,Aerosol,Day6,6
Sample_81_81A,81A,137N,Liver,1,Aerosol,Day6,6
Sample_82_82A,82A,137N,Spleen,1,Aerosol,Day6,6
Sample_83_83A,83A,137N,Lung,1,Aerosol,Day6,6
Sample_288,na,45G,Lung,1,na,control,0
Sample_289,na,18L,Lung,1,na,control,0
Sample_290,na,45G,Liver,1,na,control,0
Sample_291,na,18L,Liver,1,na,control,0
Sample_108_25,25,45G,Spleen,1,na,control,0
Sample_109_26,26,18L,Spleen,1,na,control,0
Sample_111_28,28,43X,Liver,1,na,control,0
Sample_113_30,30,10Y,Liver,1,na,control,0
Sample_115_32,32,3X,Liver,1,na,control,0
Sample_116_33,33,101X,Liver,1,na,control,0
Sample_119_36,36,49X,Liver,1,na,control,0
Sample_120_37,37,11X,Liver,1,na,control,0