SID,Name,animal,Tissue,Sex,Route,Status,SexR,RouteR,Dose,Viral_load
Sample_19_19A,19A,232N,Liver,M,Aerosol,Terminal,2,2,1.20E+02,0.040031239
Sample_20_20A,20A,232N,Spleen,M,Aerosol,Terminal,2,2,4.63E+05,0.028765322
Sample_21_21A,21A,232N,Lung,M,Aerosol,Terminal,2,2,4.40E+01,0.026678823
Sample_54_54A,54A,116N,Liver,M,Aerosol,Terminal,2,2,4.40E+01,0.00809853
Sample_55_55A,55A,116N,Spleen,M,Aerosol,Terminal,2,2,1.20E+01,0.035821264
Sample_56_56A,56A,116N,Lung,M,Aerosol,Terminal,2,2,1.20E+01,0.026232434
Sample_63_63A,63A,86P,Liver,M,Aerosol,Terminal,2,2,1.20E+01,0.011875325
Sample_64_64A,64A,86P,Spleen,M,Aerosol,Terminal,2,1,1,0.024040403
Sample_65_65A,65A,86P,Lung,M,Aerosol,Terminal,2,1,1,0.019193678
Sample_69_69A,69A,205M,Liver,M,Aerosol,Terminal,2,1,1,0.015068085
Sample_70_70A,70A,205M,Spleen,M,Aerosol,Terminal,2,2,4.63E+05,0.016781257
Sample_71_71A,71A,205M,Lung,M,Aerosol,Terminal,2,2,4.63E+05,0.008972422
Sample_72_72A,72A,26N,Liver,F,Aerosol,Terminal,1,2,5.20E+01,0.032455821
Sample_73_73A,73A,26N,Spleen,F,Aerosol,Terminal,1,2,5.20E+01,0.021203259
Sample_74_74A,74A,26N,Lung,F,Aerosol,Terminal,1,2,5.20E+01,0.008352259
Sample_75_75A,75A,42N,Liver,F,Aerosol,Terminal,1,2,1.20E+02,0.04185537
Sample_76_76A,76A,42N,Spleen,F,Aerosol,Terminal,1,2,1.20E+02,0.028631906
Sample_77_77A,77A,42N,Lung,F,Aerosol,Terminal,1,2,1.20E+02,0.012053751
Sample_78_78A,78A,111P,Liver,F,Aerosol,Terminal,1,1,1,0.027363564
Sample_79_79A,79A,111P,Spleen,F,Aerosol,Terminal,2,2,1.20E+02,0.025501395
Sample_80_80A,80A,111P,Lung,F,Aerosol,Terminal,1,1,1,0.025211632
Sample_90_90A,90A,90P,Liver,F,Aerosol,Terminal,1,1,1,0.010475552
Sample_91_91A,91A,90P,Spleen,F,Aerosol,Terminal,2,2,1.20E+02,0.011119145
Sample_92_92A,92A,90P,Lung,F,Aerosol,Terminal,2,2,1.20E+00,0.03020534
Sample_105_105A,105A,64P,Liver,F,Aerosol,Terminal,2,2,1.20E+00,0.032722031
Sample_106_106A,106A,64P,Spleen,F,Aerosol,Terminal,1,1,1,0.032076996
Sample_107_107A,107A,64P,Lung,F,Aerosol,Terminal,1,1,1,0.035670103
Sample_1_1A,1A,84P,Liver,F,SC,Terminal,1,1,1,0.016115542
Sample_2_2A,2A,84P,Spleen,F,SC,Terminal,2,2,5.20E+01,0.029194773
Sample_3_3A,3A,84P,Lung,F,SC,Terminal,2,2,5.20E+01,0.020202435
Sample_4_4A,4A,113N,Liver,F,SC,Terminal,2,2,5.20E+01,0.010309889
Sample_5_5A,5A,113N,Spleen,F,SC,Terminal,2,2,1.20E+00,0.01451572
Sample_6_6A,6A,113N,Lung,F,SC,Terminal,1,1,1,0.009336499
Sample_7_7A,7A,93N,Liver,M,SC,Terminal,1,1,1,0.02546583
Sample_8_8A,8A,93N,Spleen,M,SC,Terminal,1,1,1,0.012586774
Sample_9_9A,9A,93N,Lung,M,SC,Terminal,1,1,8.2,0.031480215
Sample_10_10A,10A,8N,Liver,F,SC,Terminal,1,2,1.20E+00,0.047847509
Sample_11_11A,11A,8N,Spleen,F,SC,Terminal,1,1,8.2,0.025827332
Sample_12_12A,12A,8N,Lung,F,SC,Terminal,1,1,8.2,0.016810582
Sample_13_13A,13A,87P,Liver,M,SC,Terminal,2,1,3,0.025546433
Sample_14_14A,14A,87P,Spleen,M,SC,Terminal,2,1,3,0.034138347
Sample_15_15A,15A,87P,Lung,M,SC,Terminal,2,1,3,0.018865124
Sample_16_16A,16A,257N,Liver,M,SC,Terminal,2,1,1.14,0.034076397
Sample_17_17A,17A,257N,Spleen,M,SC,Terminal,2,1,1.14,0.017456523
Sample_18_18A,18A,257N,Lung,M,SC,Terminal,2,1,1.14,0.004550501
Sample_57_57A,57A,243N,Liver,F,SC,Terminal,2,1,1,0.033625924
Sample_58_58A,58A,243N,Spleen,F,SC,Terminal,2,1,1,0.021341087
Sample_59_59A,59A,243N,Lung,F,SC,Terminal,1,2,1.20E+00,0.034340103
Sample_96_96A,96A,265N,Liver,M,SC,Terminal,2,1,1,0.013366924
Sample_97_97A,97A,265N,Spleen,M,SC,Terminal,1,2,1.20E+00,0.009116542
Sample_98_98A,98A,265N,Lung,M,SC,Terminal,2,1,7.6,0.029168762
Sample_99_99A,99A,3R,Liver,F,SC,Terminal,2,1,7.6,0.029339787
Sample_100_100A,100A,3R,Spleen,F,SC,Terminal,2,1,7.6,0.015340789
Sample_101_A101,A101,3R,Lung,F,SC,Terminal,1,2,4.40E+01,0.024169011
Sample_102_102A,102A,150N,Liver,F,SC,Terminal,1,2,4.40E+01,0.030890215
Sample_103_103A,103A,150N,Spleen,F,SC,Terminal,1,2,4.40E+01,0.010479256
Sample_104_104A,104A,150N,Lung,F,SC,Terminal,2,2,4.40E+01,0.041264671
Sample_288,na,45G,Lung,M,control,control,,,,
Sample_289,na,18L,Lung,M,control,control,,,,
Sample_290,na,45G,Liver,M,control,control,,,,
Sample_291,na,18L,Liver,M,control,control,,,,
Sample_108_25,25,45G,Spleen,M,control,control,,,,
Sample_109_26,26,18L,Spleen,M,control,control,,,,
Sample_111_28,28,43X,Liver,M,control,control,,,,
Sample_113_30,30,10Y,Liver,M,control,control,,,,
Sample_115_32,32,3X,Liver,M,control,control,,,,
Sample_116_33,33,101X,Liver,M,control,control,,,,
Sample_119_36,36,49X,Liver,M,control,control,,,,
Sample_120_37,37,11X,Liver,M,control,control,,,,